group,view,embedding,n_perturbations,n_query_wells,R@1,R@2,R@3,R@4,R@5,R@6,R@7,R@8,R@9,R@10
Rxrx1 — cp_measure,S,pre_harmony,1106,1136,0.06645569620253164,0.1057866184448463,0.1274864376130199,0.14511754068716093,0.1595840867992767,0.17857142857142858,0.18851717902350815,0.2007233273056058,0.21428571428571427,0.22106690777576854
Rxrx1 — cp_measure,S,post_harmony,1106,1136,0.07775768535262206,0.11528028933092224,0.14873417721518986,0.16952983725135623,0.18896925858951175,0.20433996383363473,0.2147377938517179,0.22784810126582278,0.23824593128390598,0.24954792043399637
Rxrx3C — cp_measure,S,pre_harmony,727,9978,0.005342088231468089,0.008501872227245865,0.01252372379776844,0.01592929963214344,0.019553864191398193,0.023051093511969045,0.025607878221211473,0.029120588030429367,0.031001010759529605,0.03363708841869988
Rxrx3C — cp_measure,S,post_harmony,727,9978,0.005039563658924296,0.008041265537074233,0.012850448135267877,0.015352426432821455,0.018865176674825453,0.022213930679495012,0.025037406501483936,0.02761682420188352,0.03108736285578775,0.03327475639814626
JUMP — cp_measure,S,pre_harmony,296,1443,0.009234234234234234,0.013963963963963965,0.017342342342342342,0.022072072072072072,0.02477477477477478,0.02950450450450451,0.03423423423423424,0.03828828828828829,0.04099099099099099,0.04301801801801802
JUMP — cp_measure,S,post_harmony,296,1443,0.012837837837837839,0.018243243243243244,0.023423423423423424,0.03063063063063063,0.03400900900900901,0.04121621621621621,0.0445945945945946,0.050844594594594596,0.058445945945945946,0.06317567567567568
