group,view,embedding,n_perturbations,mean_mAP,sig_frac_p,sig_frac_q
Rxrx1 — cp_measure,S,pre_harmony,1108,0.03943166337752187,0.13898916967509026,0.05685920577617329
Rxrx1 — cp_measure,S,post_harmony,1108,0.10849543294846906,0.5776173285198556,0.47382671480144406
Rxrx3C — cp_measure,S,pre_harmony,735,0.011120936515729214,0.5346938775510204,0.3564625850340136
Rxrx3C — cp_measure,S,post_harmony,735,0.011115615529638977,0.5469387755102041,0.34965986394557824
JUMP — cp_measure,S,pre_harmony,1466,0.15624262851943274,0.05525238744884038,0.03819918144611187
JUMP — cp_measure,S,post_harmony,1466,0.20504982307241088,0.11732605729877217,0.08731241473396999
